ts	phase	decision	why	evidence	result
2026-10-05T21:31:41Z	start	opened a decision log for the bare metal install visualizer	this run starts the trail before any design or code	agent session 2026-10-05	open
2026-10-05T21:31:41Z	frame	framed the app as an ordered catalog of cited customer decisions, not a hand-drawn tree per configuration	the overview PDF names four install methods and marks bare metal on all four, and it does not list bonding, VLANs, SR-IOV, proxies, or storage classes	/tmp/arena-bm-decisions/grounding.md	open
2026-10-05T21:32:29Z	workflow	sequence is shape, then a red completeness check, then overview decisions, then a walk viewer, then cited doc batches	the data shape is the one-way door, and uncited bonding or SR-IOV steps would fail the done check	/tmp/arena-bm-decisions/rubric.md	open
2026-10-05T21:45:14Z	arena	three catalog sketches are on disk and a judge is reading them	the shape is the one-way door, so the pick waits for an independent score	/tmp/arena-bm-decisions/parent-scores.md	open
2026-10-05T21:55:53Z	pick	kept the ordered fold and grafted typed parse errors plus required sections	the judge and the parent scores both picked that catalog	/UbuntuSync/Repos/openshift-install-visualizations/.audit/synthesis.md	open
2026-10-05T21:55:53Z	catalog	encoded connectivity, install method, ingress load balancer, and FIPS from the installation overview	chapter 3 capabilities can be enabled after install, so they are not install decisions	data/bare-metal-4.22.json	tests green
2026-10-05T21:55:53Z	verify	npm test, tsc, biome, and stylelint passed, including a server render of the default page	the default walk is the real check, and no browser tool was available to click the page	src/catalog.test.ts src/ui.test.tsx	9 tests passed
2026-10-05T21:56:59Z	supersede	the ordered fold is the base, and the earlier pick row overstated how much the two scores matched	parent-scores.md was written before the judge and is labeled not a pick. Both chose the same base. They did not match on every score.	/tmp/arena-bm-decisions/judge.md	base kept
2026-10-05T21:56:59Z	scope	this catalog is four overview decisions, and the full bare metal tree is not done	bonding, VLANs, SR-IOV, proxies, operators, and storage classes are not in the data yet	data/bare-metal-4.22.json	NOT VERIFIED against the full predicate
2026-10-05T21:56:59Z	verify	the page was checked by a server render and the test suite, not by a browser click	no browser tool was available in this session	src/ui.test.tsx	9 tests passed
